isbsg_project_id,project_prf_year_of_project,external_eef_industry_sector,external_eef_organisation_type,project_prf_application_type,project_prf_functional_size,project_prf_normalised_work_effort_level_1,project_prf_normalised_work_effort,project_prf_normalised_level_1_pdr_ufp,project_prf_normalised_pdr_ufp,project_prf_defect_density,project_prf_speed_of_delivery,project_prf_manpower_delivery_rate,project_prf_project_elapsed_time,project_prf_max_team_size,process_pmf_development_methodologies,process_pmf_docs,tech_tf_tools_used,people_prf_project_manage_changes,people_prf_personnel_changes,project_prf_total_project_cost,external_eef_data_quality_rating_b,external_eef_data_quality_rating_c,external_eef_data_quality_rating_d,project_prf_application_group_infrastructure_software,project_prf_application_group_mathematically_intensive_application,project_prf_application_group_missing,project_prf_application_group_real_time_application,project_prf_development_type_new_development,project_prf_development_type_re_development,tech_tf_development_platform_mr,tech_tf_development_platform_multi,tech_tf_development_platform_pc,tech_tf_development_platform_proprietary,tech_tf_language_type_4gl,tech_tf_language_type_5gl,tech_tf_primary_programming_language_cpp,tech_tf_primary_programming_language_csharp,tech_tf_primary_programming_language_dotnet,tech_tf_primary_programming_language_java,tech_tf_primary_programming_language_javascript,tech_tf_primary_programming_language_oracle,tech_tf_primary_programming_language_pl_i,tech_tf_primary_programming_language_proprietary_agile_platform,project_prf_relative_size_m1,project_prf_relative_size_m2,project_prf_relative_size_missing,project_prf_relative_size_s,project_prf_relative_size_xl,project_prf_relative_size_xs,project_prf_relative_size_xxs,project_prf_team_size_group_2,project_prf_team_size_group_21_30,project_prf_team_size_group_3_4,project_prf_team_size_group_41_50,project_prf_team_size_group_5_8,project_prf_team_size_group_61_70,project_prf_team_size_group_9_14,project_prf_team_size_group_missing,tech_tf_architecture_missing,tech_tf_architecture_multi_tier_with_web_public_interface,tech_tf_architecture_standalone,tech_tf_client_server_no,tech_tf_client_server_yes,tech_tf_web_development_web,tech_tf_dbms_used_yes,project_prf_cost_currency_european_euro,project_prf_cost_currency_missing,project_prf_cost_currency_united_states_dollar
10279,2013,banking,banking; communications; education institution; government; medical and health care; transport & storage; wholesale & retail trade,surveillance and security,26.0,52,52,2.0,2.0,0.0,2.2,2.2,12.0,1.0,agile development,6,2,0.0,0.0,60775.0,True,False,False,False,False,False,False,False,False,False,False,True,False,False,False,False,True,False,False,False,False,False,False,False,False,False,False,False,True,False,False,False,False,False,False,False,False,False,False,False,True,False,False,False,True,False,True,False
10317,2015,government,government,business application,8.0,816,816,102.0,102.0,0.0,7.3,2.1,1.1,2.0,agile development,3,0,0.0,0.0,81500.0,True,False,False,False,False,False,False,False,False,False,False,False,False,True,False,False,False,True,False,False,False,False,False,False,False,False,False,False,False,True,False,False,False,False,False,False,False,True,True,False,False,False,False,False,False,True,False,False
10572,2014,government,government,business application,85.0,774,774,9.1,9.1,0.0,212.5,2.1,0.4,2.0,agile development,3,0,0.0,0.0,69850.0,True,False,False,False,False,False,False,False,False,False,False,False,False,True,False,False,False,False,False,False,True,False,False,False,False,False,True,False,False,False,False,False,False,False,False,False,False,True,True,False,False,False,False,False,False,True,False,False
11278,2010,service industry,community services,complex process control; workflow support & management,89.0,4036,4036,45.3,45.3,56.2,17.8,2.0,5.0,9.0,agile development,16,2,0.0,3.0,60775.0,False,False,False,False,False,False,False,False,False,False,True,False,False,False,False,False,False,False,False,True,False,False,False,False,False,False,True,False,False,False,False,False,False,False,False,False,True,False,False,False,False,False,True,False,True,False,True,False
11497,2012,banking,banking; communications; education institution; government; medical and health care; transport & storage; wholesale & retail trade,surveillance and security,31.0,88,88,2.8,2.8,0.0,2.6,2.6,12.0,1.0,agile development,6,2,0.0,0.0,60775.0,True,False,False,False,False,False,False,False,False,False,False,True,False,False,False,False,True,False,False,False,False,False,False,False,False,False,True,False,False,False,False,False,False,False,False,False,False,False,False,False,True,False,False,False,True,False,True,False
11738,2012,banking,banking; communications; education institution; government; medical and health care; transport & storage; wholesale & retail trade,surveillance and security,10.0,29,29,2.9,2.9,0.0,0.8,0.8,12.0,1.0,agile development,6,2,0.0,0.0,60775.0,True,False,False,False,False,False,False,False,False,False,False,True,False,False,False,False,True,False,False,False,False,False,False,False,False,False,False,False,True,False,False,False,False,False,False,False,False,False,False,False,True,False,False,False,True,False,True,False
11801,2009,government,government,idm,63.0,2742,2742,43.5,43.5,47.6,6.3,0.8,10.0,8.0,agile development,18,3,1.0,0.0,60775.0,False,False,False,False,False,True,False,False,False,False,True,False,False,False,False,False,True,False,False,False,False,False,False,False,False,False,True,False,False,False,False,False,False,False,True,False,False,False,False,True,False,False,True,True,True,False,True,False
12664,2014,government,government,business application,138.0,682,682,4.9,4.9,0.0,345.0,2.1,0.4,2.0,agile development,3,0,0.0,0.0,61435.0,True,False,False,False,False,False,False,False,False,False,False,False,False,True,False,False,False,False,False,False,True,False,False,True,False,False,False,False,False,False,False,False,False,False,False,False,False,True,True,False,False,False,False,False,False,True,False,False
13026,2013,banking,banking; communications; education institution; government; medical and health care; transport & storage; wholesale & retail trade,surveillance and security,5.0,27,27,5.4,5.4,0.0,0.4,0.4,12.0,1.0,agile development,6,2,0.0,0.0,60775.0,True,False,False,False,False,False,False,False,False,False,False,True,False,False,False,False,True,False,False,False,False,False,False,False,False,False,False,False,False,True,False,False,False,False,False,False,False,False,False,False,True,False,False,False,True,False,True,False
13384,2012,banking,banking; communications; education institution; government; medical and health care; transport & storage; wholesale & retail trade,surveillance and security,30.0,51,51,1.7,1.7,0.0,2.5,2.5,12.0,1.0,agile development,6,2,0.0,0.0,60775.0,True,False,False,False,False,False,False,False,False,False,False,True,False,False,False,False,True,False,False,False,False,False,False,False,False,False,True,False,False,False,False,False,False,False,False,False,False,False,False,False,True,False,False,False,True,False,True,False
13695,2013,banking,banking; communications; education institution; government; medical and health care; transport & storage; wholesale & retail trade,surveillance and security,2.0,6,6,3.0,3.0,0.0,0.2,0.2,12.0,1.0,agile development,6,2,0.0,0.0,60775.0,True,False,False,False,False,False,False,False,False,False,False,True,False,False,False,False,True,False,False,False,False,False,False,False,False,False,False,False,False,True,False,False,False,False,False,False,False,False,False,False,True,False,False,False,True,False,True,False
13784,2013,banking,banking; communications; education institution; government; medical and health care; transport & storage; wholesale & retail trade,surveillance and security,14.0,49,49,3.5,3.5,0.0,1.2,1.2,12.0,1.0,agile development,6,2,0.0,0.0,60775.0,True,False,False,False,False,False,False,False,False,False,False,True,False,False,False,False,True,False,False,False,False,False,False,False,False,False,False,False,True,False,False,False,False,False,False,False,False,False,False,False,True,False,False,False,True,False,True,False
14319,2010,banking,banking,auditing management,748.0,1518,1518,2.0,2.0,0.0,249.3,2.1,3.0,2.0,agile development,5,0,0.0,0.0,60775.0,True,False,False,False,False,False,False,True,False,False,False,False,True,False,True,False,False,False,False,False,False,False,True,False,True,False,False,False,False,False,False,False,False,False,False,False,False,True,False,True,False,False,False,True,False,False,True,False
14325,2009,government,government,data warehouse system; financial transaction process/accounting; management or performance reporting,498.0,19795,19795,39.7,39.7,0.0,27.7,1.3,18.0,22.0,agile development; unified process,18,2,0.0,1.0,60775.0,True,False,False,False,False,False,False,True,False,True,False,False,False,True,False,False,False,True,False,False,False,False,False,False,True,False,False,False,False,False,False,True,False,False,False,False,False,False,False,False,False,False,True,False,False,False,True,False
14335,2011,manufacturing,aerospace / automotive,mathematical modelling (finance or eng.); software development tool,456.0,5408,5408,11.9,11.9,0.0,50.7,10.1,9.0,5.0,agile development,17,7,1.0,1.0,60775.0,False,False,False,False,True,False,False,False,True,False,False,True,False,False,False,False,True,False,False,False,False,False,False,False,True,False,False,False,False,False,False,False,False,False,True,False,False,False,False,True,False,False,True,True,True,False,True,False
14345,2009,education,"education institution; electricity, gas, water; ieee",content management system; dynamic website,114.0,429,429,3.8,3.8,0.0,38.0,9.5,3.0,4.0,agile development; personal software process (psp); unified process,18,4,0.0,0.0,17160.0,False,False,False,False,False,False,False,True,False,False,False,True,False,False,False,False,False,False,True,False,False,False,False,True,False,False,False,False,False,False,False,False,True,False,False,False,False,False,False,True,False,False,True,True,True,False,False,False
14525,2010,service industry,community services; government; public administration,catalogue/register of things or events,695.0,19606,19606,28.2,28.2,59.0,36.6,1.4,19.0,26.0,agile development; scrum,17,2,2.0,2.0,60775.0,False,False,False,False,False,False,False,False,False,False,True,False,False,False,False,False,True,False,False,False,False,False,False,False,True,False,False,False,False,False,False,True,False,False,False,False,False,False,False,False,False,False,True,False,True,False,True,False
14535,2009,education,education institution,catalogue/register of things or events; logistic or supply planning & control,483.0,331,331,0.7,0.7,0.0,120.8,24.2,4.0,5.0,agile development,14,2,1.0,1.0,60775.0,True,False,False,False,False,False,False,False,True,False,False,True,False,False,False,False,True,False,False,False,False,False,False,False,True,False,False,False,False,False,False,False,False,False,True,False,False,False,False,False,True,True,False,False,True,False,True,False
14621,2008,service industry,food processing,customer billing; financial transaction process/accounting,23.0,248,248,10.8,10.8,173.9,15.3,5.1,1.5,3.0,agile development,15,2,0.0,0.0,4871.0,True,False,False,False,False,False,False,True,False,False,False,True,False,False,False,True,False,False,False,False,False,False,False,False,False,False,False,False,True,False,False,False,True,False,False,False,False,False,False,False,True,True,False,False,True,False,False,False
14928,2014,government,government,business application,88.0,551,551,6.3,6.3,0.0,220.0,2.1,0.4,2.0,agile development,3,0,0.0,0.0,49753.0,True,False,False,False,False,False,False,False,False,False,False,False,False,True,False,False,False,False,False,False,True,False,False,False,False,False,True,False,False,False,False,False,False,False,False,False,False,True,True,False,False,False,False,False,False,True,False,False
15011,2010,service industry,transport & storage,auditing management,257.0,452,452,1.8,1.8,0.0,85.7,2.1,3.0,2.0,agile development,5,0,0.0,0.0,60775.0,True,False,False,False,False,False,False,True,False,False,False,False,True,False,True,False,False,False,False,False,False,False,True,True,False,False,False,False,False,False,False,False,False,False,False,False,False,True,False,True,False,False,False,True,False,False,True,False
15148,2014,government,government,business application,72.0,615,615,8.5,8.5,0.0,180.0,2.1,0.4,2.0,agile development,3,0,0.0,0.0,55440.0,True,False,False,False,False,False,False,False,False,False,False,False,False,True,False,False,False,False,False,False,True,False,False,False,False,False,True,False,False,False,False,False,False,False,False,False,False,True,True,False,False,False,False,False,False,True,False,False
15558,2014,government,government,business application,45.0,1271,1271,28.2,28.2,0.0,32.1,2.1,1.4,2.0,agile development,3,0,0.0,0.0,104200.0,True,False,False,False,False,False,False,False,False,False,False,False,False,True,False,False,False,True,False,False,False,False,False,False,False,False,True,False,False,False,False,False,False,False,False,False,False,True,True,False,False,False,False,False,False,True,False,False
15723,2012,banking,banking; communications; education institution; government; medical and health care; transport & storage; wholesale & retail trade,surveillance and security,12.0,34,34,2.8,2.8,0.0,1.0,1.0,12.0,1.0,agile development,6,2,0.0,0.0,60775.0,True,False,False,False,False,False,False,False,False,False,False,True,False,False,False,False,True,False,False,False,False,False,False,False,False,False,False,False,True,False,False,False,False,False,False,False,False,False,False,False,True,False,False,False,True,False,True,False
16039,2010,missing,all industry organization types,security/authentication,47.0,1002,1002,21.3,21.3,21.3,9.4,3.1,5.0,3.0,agile development,19,4,0.0,0.0,60775.0,False,False,False,False,False,False,False,False,False,False,True,False,False,False,False,False,True,False,False,False,False,False,False,False,False,False,True,False,False,False,False,False,True,False,False,False,False,False,False,True,False,False,True,True,False,False,True,False
16563,2013,banking,banking; communications; education institution; government; medical and health care; transport & storage; wholesale & retail trade,surveillance and security,9.0,23,23,2.6,2.6,0.0,0.8,0.8,12.0,1.0,agile development,6,2,0.0,0.0,60775.0,True,False,False,False,False,False,False,False,False,False,False,True,False,False,False,False,True,False,False,False,False,False,False,False,False,False,False,False,False,True,False,False,False,False,False,False,False,False,False,False,True,False,False,False,True,False,True,False
17137,2014,government,government,business application,51.0,1222,1222,24.0,24.0,0.0,72.9,2.1,0.7,2.0,agile development,3,0,0.0,0.0,100200.0,True,False,False,False,False,False,False,False,False,False,False,False,False,True,False,False,False,True,False,False,False,False,False,False,False,False,True,False,False,False,False,False,False,False,False,False,False,True,True,False,False,False,False,False,False,True,False,False
17275,2010,service industry,transport & storage,security controls,168.0,312,312,1.9,1.9,0.0,56.0,2.1,3.0,2.0,agile development,5,0,0.0,0.0,60775.0,True,False,False,False,False,False,False,True,False,False,False,False,True,False,True,False,False,False,False,False,False,False,True,True,False,False,False,False,False,False,False,False,False,False,False,False,False,True,False,True,False,False,False,True,False,False,True,False
17293,2013,banking,banking; communications; education institution; government; medical and health care; transport & storage; wholesale & retail trade,surveillance and security,59.0,82,82,1.4,1.4,0.0,4.9,4.9,12.0,1.0,agile development,6,2,0.0,0.0,60775.0,True,False,False,False,False,False,False,False,False,False,False,True,False,False,False,False,True,False,False,False,False,False,False,False,False,False,True,False,False,False,False,False,False,False,False,False,False,False,False,False,True,False,False,False,True,False,True,False
17548,2010,medical & health care,medical and health care,clinical archive,116.0,112,112,1.0,1.0,0.0,58.0,2.1,2.0,2.0,agile development,5,0,0.0,0.0,60775.0,True,False,False,False,False,False,False,True,False,False,False,False,True,False,True,False,False,False,False,False,False,False,True,True,False,False,False,False,False,False,False,False,False,False,False,False,False,True,False,True,False,False,False,True,False,False,True,False
18118,2008,financial,"financial, property & business services",customer billing/relationship management,912.0,4110,4110,4.5,4.5,42.8,60.8,6.1,15.0,10.0,agile development,16,5,0.0,1.0,60775.0,False,False,False,False,False,False,False,False,True,False,False,True,False,False,False,False,True,False,False,False,False,False,False,False,True,False,False,False,False,False,False,False,False,False,False,False,True,False,False,False,False,False,True,False,True,False,False,False
18119,2010,government,government,idm,109.0,2715,2715,24.9,24.9,9.2,12.1,2.4,9.0,5.0,agile development,18,3,0.0,0.0,60775.0,False,False,False,False,False,True,False,False,False,False,True,False,False,False,False,False,True,False,False,False,False,False,False,True,False,False,False,False,False,False,False,False,False,False,True,False,False,False,False,True,False,False,True,True,True,False,True,False
18328,2012,banking,banking; communications; education institution; government; medical and health care; transport & storage; wholesale & retail trade,surveillance and security,19.0,51,51,2.7,2.7,0.0,1.6,1.6,12.0,1.0,agile development,6,2,0.0,0.0,60775.0,True,False,False,False,False,False,False,False,False,False,False,True,False,False,False,False,True,False,False,False,False,False,False,False,False,False,False,False,True,False,False,False,False,False,False,False,False,False,False,False,True,False,False,False,True,False,True,False
18820,2014,government,government,business application,49.0,601,601,12.3,12.3,0.0,122.5,2.1,0.4,2.0,agile development,3,0,0.0,0.0,54230.0,True,False,False,False,False,False,False,False,False,False,False,False,False,True,False,False,False,False,False,False,True,False,False,False,False,False,True,False,False,False,False,False,False,False,False,False,False,True,True,False,False,False,False,False,False,True,False,False
19161,2005,electronics & computers,information technology,web_based application,82.0,36593,60047,3.5,3.5,0.0,28.6,2.1,14.8,41.0,agile development; iterative,1,0,0.0,0.0,60775.0,True,False,False,False,False,True,False,True,False,False,False,False,False,False,False,False,False,False,True,False,False,False,False,False,False,True,False,False,False,False,False,False,False,True,False,False,False,False,True,False,False,False,False,True,True,False,True,False
19363,2013,banking,banking; communications; education institution; government; medical and health care; transport & storage; wholesale & retail trade,surveillance and security,15.0,53,53,3.5,3.5,0.0,1.3,1.3,12.0,1.0,agile development,6,2,0.0,0.0,60775.0,True,False,False,False,False,False,False,False,False,False,False,True,False,False,False,False,True,False,False,False,False,False,False,False,False,False,False,False,True,False,False,False,False,False,False,False,False,False,False,False,True,False,False,False,True,False,True,False
19859,2012,service industry,surveillance & security,electronic data interchange,82.0,225,225,2.7,2.7,0.0,28.6,2.1,5.0,2.0,agile development,11,4,0.0,0.0,60775.0,True,False,False,False,False,False,False,False,False,False,False,True,False,False,False,False,True,False,False,False,False,False,False,False,False,False,True,False,False,False,True,False,False,False,False,False,False,False,False,False,False,False,True,False,True,False,True,False
20465,2014,government,government,business application,95.0,632,632,6.7,6.7,0.0,237.5,2.1,0.4,2.0,agile development,3,0,0.0,0.0,57035.0,True,False,False,False,False,False,False,False,False,False,False,False,False,True,False,False,False,False,False,False,True,False,False,False,False,False,True,False,False,False,False,False,False,False,False,False,False,True,True,False,False,False,False,False,False,True,False,False
21719,2009,education,"education institution; electricity, gas, water; ieee",content management system; dynamic website,118.0,489,489,4.1,4.1,0.0,39.3,9.8,3.0,4.0,agile development; personal software process (psp); unified process,18,4,0.0,0.0,15281.0,False,False,False,False,False,False,False,True,False,False,False,True,False,False,False,False,False,False,True,False,False,False,False,True,False,False,False,False,False,False,False,False,True,False,False,False,False,False,False,True,False,False,True,True,True,False,False,False
21837,2014,government,government,business application,51.0,1102,1102,21.6,21.6,0.0,72.9,2.1,0.7,2.0,agile development,3,0,0.0,0.0,90300.0,True,False,False,False,False,False,False,False,False,False,False,False,False,True,False,False,False,True,False,False,False,False,False,False,False,False,True,False,False,False,False,False,False,False,False,False,False,True,True,False,False,False,False,False,False,True,False,False
22069,2012,banking,banking; communications; education institution; government; medical and health care; transport & storage; wholesale & retail trade,surveillance and security,37.0,125,125,3.4,3.4,0.0,3.1,1.5,12.0,2.0,agile development,6,2,0.0,0.0,60775.0,True,False,False,False,False,False,False,False,False,False,False,True,False,False,False,False,True,False,False,False,False,False,False,False,False,False,True,False,False,False,True,False,False,False,False,False,False,False,False,False,True,False,False,False,True,False,True,False
22347,2010,service industry,community services,complex process control; workflow support & management,399.0,7037,7037,17.6,17.6,22.6,49.9,4.5,8.0,11.0,agile development,16,2,0.0,0.0,60775.0,False,False,False,False,False,False,False,True,False,False,True,False,False,False,False,False,False,False,False,True,False,False,False,False,True,False,False,False,False,False,False,False,False,False,False,False,True,False,False,False,False,False,True,False,True,False,True,False
23265,2009,education,"education institution; electricity, gas, water; ieee",content management system; dynamic website,155.0,491,491,3.2,3.2,0.0,51.7,10.3,3.0,5.0,agile development; personal software process (psp); unified process,18,4,0.0,0.0,14723.0,False,False,False,False,False,False,False,True,False,False,False,True,False,False,False,False,False,False,True,False,False,False,False,True,False,False,False,False,False,False,False,False,False,False,True,False,False,False,False,True,False,False,True,True,True,False,False,False
23319,2011,manufacturing,aerospace / automotive,automated data acquisition,113.0,1047,1047,9.3,9.3,0.0,14.1,3.5,8.0,4.0,agile development,17,5,0.0,0.0,60775.0,False,False,False,False,False,False,True,True,False,False,False,True,False,False,False,False,True,False,False,False,False,False,False,True,False,False,False,False,False,False,False,False,True,False,False,False,False,False,False,False,False,False,True,False,False,False,True,False
23552,2010,wholesale & retail,consumer goods,promotions,243.0,257,257,1.1,1.1,0.0,121.5,2.1,2.0,2.0,agile development,5,0,0.0,0.0,60775.0,True,False,False,False,False,False,False,True,False,False,False,False,True,False,True,False,False,False,False,False,False,False,True,True,False,False,False,False,False,False,False,False,False,False,False,False,False,True,False,True,False,False,False,True,False,False,True,False
23839,2008,education,education institution,management information system,1107.0,52743,52743,47.6,47.6,0.0,221.4,4.8,5.0,46.0,agile development; multifunctional teams; scrum,15,6,0.0,2.0,60775.0,False,True,False,False,False,False,False,True,False,False,False,True,False,False,False,False,True,False,False,False,False,False,False,False,False,False,False,False,False,False,False,False,False,True,False,False,False,False,False,False,False,False,True,True,True,False,True,False
24701,2014,government,government,business application,33.0,667,667,20.2,20.2,0.0,82.5,2.1,0.4,2.0,agile development,3,0,0.0,0.0,60115.0,True,False,False,False,False,False,False,False,False,False,False,False,False,True,False,False,False,False,False,False,True,False,False,False,False,False,True,False,False,False,False,False,False,False,False,False,False,True,True,False,False,False,False,False,False,True,False,False
25081,2009,education,"education institution; electricity, gas, water; ieee",content management system; dynamic website,135.0,600,600,4.4,4.4,0.0,45.0,9.0,3.0,5.0,agile development; personal software process (psp); unified process,18,4,0.0,0.0,60000.0,False,False,False,False,False,False,False,True,False,False,False,True,False,False,False,False,False,False,True,False,False,False,False,True,False,False,False,False,False,False,False,False,False,False,True,False,False,False,False,True,False,False,True,True,True,False,False,False
25247,2013,banking,banking; communications; education institution; government; medical and health care; transport & storage; wholesale & retail trade,surveillance and security,13.0,47,47,3.6,3.6,0.0,1.1,1.1,12.0,1.0,agile development,6,2,0.0,0.0,60775.0,True,False,False,False,False,False,False,False,False,False,False,True,False,False,False,False,True,False,False,False,False,False,False,False,False,False,False,False,True,False,False,False,False,False,False,False,False,False,False,False,True,False,False,False,True,False,True,False
25415,2010,service industry,transport & storage,airport management,679.0,326,326,0.5,0.5,0.0,169.8,2.1,4.0,2.0,agile development,5,0,0.0,0.0,60775.0,True,False,False,False,False,False,False,True,False,False,False,False,True,False,True,False,False,False,False,False,False,False,True,False,True,False,False,False,False,False,False,False,False,False,False,False,False,True,False,True,False,False,False,True,False,False,True,False
25559,2012,service industry,surveillance & security,electronic data interchange,45.0,125,125,2.8,2.8,0.0,28.6,2.1,5.0,2.0,agile development,11,4,0.0,0.0,60775.0,True,False,False,False,False,False,False,False,False,False,False,True,False,False,False,False,True,False,False,False,False,False,False,False,False,False,True,False,False,False,True,False,False,False,False,False,False,False,False,False,False,False,True,False,True,False,True,False
26034,2010,government,public sector,project management,143.0,98,98,0.7,0.7,0.0,28.6,2.1,5.0,2.0,agile development,5,0,0.0,0.0,60775.0,True,False,False,False,False,False,False,True,False,False,False,False,True,False,True,False,False,False,False,False,False,False,True,True,False,False,False,False,False,False,False,False,False,False,False,False,False,True,False,True,False,False,False,True,False,False,True,False
26195,2009,service industry,community services; institutions eg. kindergartens,online analysis and reporting,211.0,4393,4393,20.8,20.8,0.0,26.4,2.1,8.0,2.0,agile development,16,2,0.0,0.0,60775.0,False,False,False,False,False,False,False,False,False,False,True,False,False,True,False,False,False,False,False,False,False,False,False,True,False,False,False,False,False,False,False,False,False,False,False,False,False,True,False,False,True,True,False,False,True,False,True,False
26585,2010,electronics & computers,high tech,proposal builder,243.0,289,289,1.2,1.2,0.0,121.5,2.1,2.0,2.0,agile development,5,0,0.0,0.0,60775.0,True,False,False,False,False,True,False,True,False,False,False,False,True,False,True,False,False,False,False,False,False,False,True,True,False,False,False,False,False,False,False,False,False,False,False,False,False,True,False,True,False,False,False,True,False,False,True,False
26608,2014,government,government,business application,16.0,860,860,53.8,53.8,0.0,22.9,2.1,0.7,2.0,agile development,3,0,0.0,0.0,70600.0,True,False,False,False,False,False,False,False,False,False,False,False,False,True,False,False,False,True,False,False,False,False,False,False,False,False,False,False,True,False,False,False,False,False,False,False,False,True,True,False,False,False,False,False,False,True,False,False
26861,2010,electronics & computers,high tech,course management,138.0,87,87,0.6,0.6,0.0,138.0,2.1,1.0,2.0,agile development,5,0,0.0,0.0,60775.0,True,False,False,False,False,False,False,True,False,False,False,False,True,False,True,False,False,False,False,False,False,False,True,True,False,False,False,False,False,False,False,False,False,False,False,False,False,True,False,True,False,False,False,True,False,False,True,False
27063,2012,banking,banking; communications; education institution; government; medical and health care; transport & storage; wholesale & retail trade,surveillance and security,24.0,79,79,3.3,3.3,0.0,2.0,2.0,12.0,1.0,agile development,6,2,0.0,0.0,60775.0,True,False,False,False,False,False,False,False,False,False,False,True,False,False,False,False,True,False,False,False,False,False,False,False,False,False,False,False,True,False,False,False,False,False,False,False,False,False,False,False,True,False,False,False,True,False,True,False
27281,2010,medical & health care,biotech,analysis management,144.0,117,117,0.8,0.8,0.0,48.0,2.1,3.0,2.0,agile development,5,0,0.0,0.0,60775.0,True,False,False,False,False,True,False,True,False,False,False,False,True,False,True,False,False,False,False,False,False,False,True,True,False,False,False,False,False,False,False,False,False,False,False,False,False,True,False,True,False,False,False,True,False,False,True,False
27333,2013,banking,banking; communications; education institution; government; medical and health care; transport & storage; wholesale & retail trade,surveillance and security,18.0,47,47,2.6,2.6,0.0,1.5,1.5,12.0,1.0,agile development,6,2,0.0,0.0,60775.0,True,False,False,False,False,False,False,False,False,False,False,True,False,False,False,False,True,False,False,False,False,False,False,False,False,False,False,False,True,False,False,False,False,False,False,False,False,False,False,False,True,False,False,False,True,False,True,False
27500,2014,government,government,business application,25.0,1206,1206,48.2,48.2,0.0,15.6,2.1,1.6,2.0,agile development,3,0,0.0,0.0,120600.0,True,False,False,False,False,False,False,False,False,False,False,False,False,True,False,False,False,True,False,False,False,False,False,False,False,False,False,False,True,False,False,False,False,False,False,False,False,True,True,False,False,False,False,False,False,True,False,False
27970,2013,banking,banking; communications; education institution; government; medical and health care; transport & storage; wholesale & retail trade,surveillance and security,3.0,9,9,3.0,3.0,0.0,0.3,0.3,12.0,1.0,agile development,6,2,0.0,0.0,60775.0,True,False,False,False,False,False,False,False,False,False,False,True,False,False,False,False,True,False,False,False,False,False,False,False,False,False,False,False,False,True,False,False,False,False,False,False,False,False,False,False,True,False,False,False,True,False,True,False
28393,2013,banking,banking; communications; education institution; government; medical and health care; transport & storage; wholesale & retail trade,surveillance and security,18.0,38,38,2.1,2.1,0.0,1.5,1.5,12.0,1.0,agile development,6,2,0.0,0.0,60775.0,True,False,False,False,False,False,False,False,False,False,False,True,False,False,False,False,True,False,False,False,False,False,False,False,False,False,False,False,True,False,False,False,False,False,False,False,False,False,False,False,True,False,False,False,True,False,True,False
29221,2012,banking,banking; communications; education institution; government; medical and health care; transport & storage; wholesale & retail trade,surveillance and security,21.0,74,74,3.5,3.5,0.0,1.8,1.8,12.0,1.0,agile development,6,2,0.0,0.0,60775.0,True,False,False,False,False,False,False,False,False,False,False,True,False,False,False,False,True,False,False,False,False,False,False,False,False,False,False,False,True,False,False,False,False,False,False,False,False,False,False,False,True,False,False,False,True,False,True,False
29310,2008,medical & health care,medical and health care,hospital information system,2003.0,47493,47493,23.7,23.7,14.0,200.3,2.9,10.0,68.0,agile development; joint application development (jad); multifunctional teams,17,9,1.0,12.0,60775.0,False,False,False,False,False,False,False,False,False,False,False,True,False,False,False,False,False,False,True,False,False,False,False,False,False,False,False,False,False,False,False,False,False,False,False,True,False,False,False,False,False,False,True,True,True,False,True,False
29471,2009,education,"education institution; electricity, gas, water; ieee",content management system; dynamic website,142.0,669,669,4.7,4.7,0.0,47.3,9.5,3.0,5.0,agile development; personal software process (psp); unified process,18,4,0.0,0.0,7644.0,False,False,False,False,False,False,False,True,False,False,False,True,False,False,False,False,False,False,True,False,False,False,False,True,False,False,False,False,False,False,False,False,False,False,True,False,False,False,False,True,False,False,True,True,True,False,False,False
30029,2012,banking,banking; communications; education institution; government; medical and health care; transport & storage; wholesale & retail trade,surveillance and security,72.0,225,225,3.1,3.1,0.0,6.0,3.0,12.0,2.0,agile development,6,2,0.0,0.0,60775.0,True,False,False,False,False,False,False,False,False,False,False,True,False,False,False,False,True,False,False,False,False,False,False,False,False,False,True,False,False,False,True,False,False,False,False,False,False,False,False,False,True,False,False,False,True,False,True,False
30367,2009,service industry,community services; government,catalogue/register of things or events,117.0,3549,3549,30.3,30.3,0.0,16.7,1.7,7.0,10.0,agile development,17,2,0.0,0.0,60775.0,False,False,False,False,False,False,False,False,False,False,True,False,False,False,False,False,False,False,False,False,False,True,False,True,False,False,False,False,False,False,False,False,False,False,False,False,True,False,False,False,False,False,True,False,True,False,True,False
30466,2014,government,government,business application,4.0,684,684,171.0,171.0,0.0,5.7,2.1,0.7,2.0,agile development,3,0,0.0,0.0,68200.0,True,False,False,False,False,False,False,False,False,False,False,False,False,True,False,False,False,True,False,False,False,False,False,False,False,False,False,False,False,True,False,False,False,False,False,False,False,True,True,False,False,False,False,False,False,True,False,False
30621,2013,banking,banking; communications; education institution; government; medical and health care; transport & storage; wholesale & retail trade,surveillance and security,13.0,47,47,3.6,3.6,0.0,1.1,1.1,12.0,1.0,agile development,6,2,0.0,0.0,60775.0,True,False,False,False,False,False,False,False,False,False,False,True,False,False,False,False,True,False,False,False,False,False,False,False,False,False,False,False,True,False,False,False,False,False,False,False,False,False,False,False,True,False,False,False,True,False,True,False
30658,2009,education,"education institution; electricity, gas, water; ieee",content management system; dynamic website,160.0,784,784,4.9,4.9,0.0,53.3,10.7,3.0,5.0,agile development; personal software process (psp); unified process,18,4,0.0,0.0,15680.0,False,False,False,False,False,False,False,True,False,False,False,True,False,False,False,False,False,False,True,False,False,False,False,True,False,False,False,False,False,False,False,False,False,False,True,False,False,False,False,True,False,False,True,True,True,False,False,False
31103,2012,banking,banking; communications; education institution; government; medical and health care; transport & storage; wholesale & retail trade,surveillance and security,11.0,43,43,3.9,3.9,0.0,0.9,0.9,12.0,1.0,agile development,6,2,0.0,0.0,60775.0,True,False,False,False,False,False,False,False,False,False,False,True,False,False,False,False,True,False,False,False,False,False,False,False,False,False,False,False,True,False,False,False,False,False,False,False,False,False,False,False,True,False,False,False,True,False,True,False
31166,2011,government,government,data or database management,492.0,1020,1105,2.1,2.2,0.0,164.0,82.0,3.0,2.0,agile development,17,1,0.0,1.0,765000.0,False,False,False,True,False,False,False,True,False,False,False,True,False,True,False,False,False,False,False,False,True,False,False,False,True,False,False,False,False,False,True,False,False,False,False,False,False,False,False,True,False,False,True,True,True,True,False,False
31166,2011,government,government,data or database management,422.0,1020,1105,2.4,2.6,0.0,140.7,70.3,3.0,2.0,agile development,18,1,0.0,1.0,765000.0,False,False,False,True,False,False,False,True,False,False,False,True,False,True,False,False,False,False,False,False,True,False,False,False,True,False,False,False,False,False,True,False,False,False,False,False,False,False,False,True,False,False,True,True,True,True,False,False
31969,2013,banking,banking; communications; education institution; government; medical and health care; transport & storage; wholesale & retail trade,surveillance and security,15.0,47,47,3.1,3.1,0.0,1.3,1.3,12.0,1.0,agile development,6,2,0.0,0.0,60775.0,True,False,False,False,False,False,False,False,False,False,False,True,False,False,False,False,True,False,False,False,False,False,False,False,False,False,False,False,True,False,False,False,False,False,False,False,False,False,False,False,True,False,False,False,True,False,True,False
32010,2013,manufacturing,"banking; communications; community services; construction; defence; education institution; financial, property & business services; government; manufacturing; medical and health care; professional; real estate & property; transport & storage; wholesale & retail trade","catalogue/register of things or events; customer billing; financial transaction process/accounting; job, case, incident, project management; management or performance reporting; mathematical modelling; online analysis and reporting; workflow support & management",5393.0,400,460,0.1,0.1,1.9,2157.2,2157.2,2.5,1.0,agile development; extreme programming (xp); imes oom; iterative; rapid application development (rad); scrum; timeboxing; unified process,20,7,0.0,0.0,277000.0,False,False,True,False,False,False,False,True,False,False,False,True,False,False,False,False,True,False,False,False,False,False,False,False,False,False,False,True,False,False,False,False,False,False,False,False,False,False,False,False,True,True,False,True,True,False,False,True
32296,2010,utilities,energy,customer relationship management,1371.0,2274,2274,1.7,1.7,0.0,342.8,2.1,4.0,2.0,agile development,5,0,0.0,0.0,60775.0,True,False,False,False,False,False,False,True,False,False,False,False,True,False,True,False,False,False,False,False,False,False,True,False,False,False,False,False,False,False,False,False,False,False,False,False,False,True,False,True,False,False,False,True,False,False,True,False
32692,2010,education,education institution,student & tests management,995.0,614,614,0.6,0.6,0.0,199.0,2.1,5.0,2.0,agile development,5,0,0.0,0.0,60775.0,True,False,False,False,False,False,False,True,False,False,False,False,True,False,True,False,False,False,False,False,False,False,True,False,True,False,False,False,False,False,False,False,False,False,False,False,False,True,False,True,False,False,False,True,False,False,True,False
32725,2013,banking,banking; communications; education institution; government; medical and health care; transport & storage; wholesale & retail trade,surveillance and security,16.0,42,42,2.6,2.6,0.0,1.3,1.3,12.0,1.0,agile development,6,2,0.0,0.0,60775.0,True,False,False,False,False,False,False,False,False,False,False,True,False,False,False,False,True,False,False,False,False,False,False,False,False,False,False,False,True,False,False,False,False,False,False,False,False,False,False,False,True,False,False,False,True,False,True,False
