ISBSG Project ID,External (EEF) - Data Quality Rating,Project (PRF) - Year of Project,External (EEF) - Industry Sector,External (EEF) - Organisation Type,Project (PRF) - Application Group,Project (PRF) - Application Type,Project (PRF) - Development Type,Tech (TF) - Development Platform,Tech (TF) - Language Type,Tech (TF) - Primary Programming Language,Project (PRF) - Functional Size,Project (PRF) - Relative Size,Project (PRF) - Normalised Work Effort Level 1,Project (PRF) - Normalised Level 1 PDR (ufp),Project (PRF) - Normalised PDR (ufp),Project (PRF) - Defect Density,Project (PRF) - Speed of Delivery,Project (PRF) - Manpower Delivery Rate,Project (PRF) - Project Elapsed Time,Project (PRF) - Team Size Group,Project (PRF) - Max Team Size, - CASE Tool Used,Process (PMF) - Development Methodologies,Process (PMF) - Prototyping Used,Process (PMF) - Docs,Tech (TF) - Architecture,Tech (TF) - Client Server?,Tech (TF) - Client Roles,Tech (TF) - Server Roles,Tech (TF) - Type of Server,Tech (TF) - Web Development,Tech (TF) - DBMS Used,Tech (TF) - Tools Used,People (PRF) - Project user involvement,People (PRF) - BA team experience <1 yr,People (PRF) - BA team experience 1 to 3 yr,People (PRF) - BA team experience >3 yr,People (PRF) - IT experience <1 yr,People (PRF) - IT experience 1 to 3 yr,People (PRF) - IT experience >3 yr,People (PRF) - IT experience <3 yr,People (PRF) - IT experience 3 to 9 yr,People (PRF) - IT experience >9 yr,People (PRF) - Project manage experience,People (PRF) - Project manage changes,People (PRF) - Personnel changes,Project (PRF) - Total project cost,Project (PRF) - Cost currency,Project (PRF) - Currency multiple,Project (PRF) - Normalised Work Effort
26861,B,2010,Electronics & Computers,High Tech;,Business Application,Course Management;,New Development,Proprietary,5GL,Proprietary Agile Platform,138.0,M1,87,0.6,0.6,,138.0,,1.0,Missing,,,Agile Development;,,5,Multi-tier with web public interface,Missing,Missing,Missing,,Web,Missing,0,,,,,,,,,,,,,,,Missing,,87
21796,B,2015,Service Industry,"Art , Events , Ticketing;",Business Application,"Document management;Financial transaction process/accounting;Online analysis and reporting;Stock control & order processing;Workflow support & management;Customer billing;Reservation system (eg. Airline, hotel);",New Development,PC,3GL,Java,57.0,S,20,0.4,1.9,52.6,19.0,9.5,3.0,2,2.0,,Missing,,7,Stand alone,Missing,Missing,Missing,,Web,Yes,0,,,,,,,,,,,,,,,Missing,,107
27063,B,2012,Banking,Government;Education Institution;Wholesale & Retail Trade;Transport & Storage;Communications;Medical and Health Care;Banking;,Business Application,Surveillance and security;,Enhancement,PC,3GL,C#,24.0,XS,79,3.3,3.3,,2.0,2.0,12.0,1,1.0,,Agile Development;,,6,Stand alone,Missing,Missing,Missing,,Missing,Yes,2,,,,,,,,,,,,,,,Missing,,79
14621,B,2008,Service Industry,Food Processing;,Business Application,Financial transaction process/accounting;Customer billing;,New Development,PC,3GL,C++,23.0,XS,248,10.8,10.8,173.9,15.3,5.1,1.5,3-4,3.0,No,Agile Development;,,15,Stand alone,No,Missing,Missing,,Missing,Yes,2,,,2.0,1.0,,,,1.0,1.0,1.0,20.0,0.0,0.0,4871.0,"Canada, dollar",,248
14319,B,2010,Banking,Banking;,Business Application,Auditing Management;,New Development,Proprietary,5GL,Proprietary Agile Platform,748.0,M2,1518,2.0,2.0,,249.3,,3.0,Missing,,,Agile Development;,,5,Multi-tier with web public interface,Missing,Missing,Missing,,Web,Missing,0,,,,,,,,,,,,,,,Missing,,1518
21719,A,2009,Education,"Education Institution;Electricity, Gas, Water;IEEE;",Business Application,Content management system;Dynamic website;,New Development,PC,3GL,Java,118.0,M1,489,4.1,4.1,,39.3,9.8,3.0,3-4,4.0,,Agile Development;Personal Software Process (PSP);Unified Process;,,18,Multi-tier with web public interface,Yes,Web/HTML browser;,Security/authentication;,,Web,Yes,4,,,,,,,,,4.0,,,0.0,0.0,15281.0,"Canada, dollar",,489
14335,A,2011,Manufacturing,Aerospace / Automotive;,Mathematically-Intensive Application,Mathematical modelling (finance or eng.);Software development tool;,Re-development,PC,3GL,C#,456.0,M2,5408,11.9,11.9,0.0,50.7,10.1,9.0,5-8,5.0,Yes,Agile Development;,,17,Multi-tier with web public interface,Yes,Run a computer-human interface;Data entry & validation;Web public interface;,Database server;HTML/web server;Mail server;Security/authentication;,,Web,Yes,7,,0.0,1.0,2.0,,,,1.0,2.0,0.0,3.0,1.0,1.0,,Missing,,5408
16039,A,2010,Missing,All industry organization types;,Business Application,Security/Authentication;,Enhancement,Multi,3GL,C#,47.0,S,1002,21.3,21.3,21.3,9.4,3.1,5.0,3-4,3.0,No,Agile Development;,Yes,19,Multi-tier with web public interface,Yes,Missing,HTML/web server;Security/authentication;,,Web,Missing,4,,0.0,0.0,3.0,,,,0.0,2.0,1.0,3.0,0.0,0.0,,Missing,,1002
11738,B,2012,Banking,Government;Education Institution;Wholesale & Retail Trade;Transport & Storage;Communications;Medical and Health Care;Banking;,Business Application,Surveillance and security;,Enhancement,PC,3GL,C#,10.0,XS,29,2.9,2.9,,0.8,0.8,12.0,1,1.0,,Agile Development;,,6,Stand alone,Missing,Missing,Missing,,Missing,Yes,2,,,,,,,,,,,,,,,Missing,,29
29310,A,2008,Medical & Health Care,Medical and Health Care;,Business Application,Hospital Information System;,Enhancement,PC,3GL,Java,2003.0,L,47493,23.7,23.7,14.0,200.3,2.9,10.0,61-70,68.0,Yes,Agile Development;Joint Application Development (JAD);Multifunctional Teams;,Yes,17,Client server,Yes,Run a computer-human interface;Data entry & validation;Data retrieval & presentation;Web/HTML browser;,Database server;FTP server;HTML/web server;Messaging server;Object/component server;Security/authentication;Business logic + Integration to 30 other systems;,,Web,Yes,9,,11.0,32.0,25.0,,,,17.0,33.0,18.0,15.0,1.0,12.0,,Missing,,47493
25081,A,2009,Education,"Education Institution;Electricity, Gas, Water;IEEE;",Business Application,Content management system;Dynamic website;,New Development,PC,3GL,Java,135.0,M1,600,4.4,4.4,,45.0,9.0,3.0,5-8,5.0,,Agile Development;Personal Software Process (PSP);Unified Process;,,18,Multi-tier with web public interface,Yes,Web/HTML browser;,Security/authentication;,,Web,Yes,4,,,,,,,,,5.0,,,0.0,0.0,60000.0,"Canada, dollar",,600
14325,B,2009,Government,Government;,Business Application,Financial transaction process/accounting;Management or performance reporting;Data Warehouse system;,New Development,MR,4GL,.Net,498.0,M2,19795,39.7,39.7,,27.7,1.3,18.0,21-30,22.0,,Agile Development;Unified Process;,,18,Client server,Yes,Run a computer-human interface;Data entry & validation;Data retrieval & presentation;Web/HTML browser;Security;,Database server;File &/or print server;HTML/web server;Multi-user legacy application;,,Missing,Missing,2,,,,,,,,,,,,0.0,1.0,,Missing,,19795
30367,A,2009,Service Industry,Government;Community Services;,Business Application,Catalogue/register of things or events;,Enhancement,Multi,3GL,PL/I,117.0,M1,3549,30.3,30.3,0.0,16.7,1.7,7.0,9-14,10.0,No,Agile Development;,Yes,17,Client server,Yes,Missing,Missing,,Missing,Yes,2,,0.0,4.0,6.0,,,,0.0,6.0,4.0,13.0,0.0,0.0,,Missing,,3549
14525,A,2010,Service Industry,Community Services;Government;Public administration;,Business Application,Catalogue/register of things or events;,Enhancement,Multi,3GL,C#,695.0,M2,19606,28.2,28.2,59.0,36.6,1.4,19.0,21-30,26.0,,Agile Development;Scrum;,,17,Client server,Yes,Business logic or rule processing;Data entry & validation;Data retrieval & presentation;,Database server;,,Missing,Yes,2,,5.0,5.0,16.0,,,,2.0,0.0,24.0,10.0,2.0,2.0,,Missing,,19606
13784,B,2013,Banking,Government;Education Institution;Wholesale & Retail Trade;Transport & Storage;Communications;Medical and Health Care;Banking;,Business Application,Surveillance and security;,Enhancement,PC,3GL,C#,14.0,XS,49,3.5,3.5,,1.2,1.2,12.0,1,1.0,,Agile Development;,,6,Stand alone,Missing,Missing,Missing,,Missing,Yes,2,,,,,,,,,,,,,,,Missing,,49
15011,B,2010,Service Industry,Transport & Storage;,Business Application,Auditing Management;,New Development,Proprietary,5GL,Proprietary Agile Platform,257.0,M1,452,1.8,1.8,,85.7,,3.0,Missing,,,Agile Development;,,5,Multi-tier with web public interface,Missing,Missing,Missing,,Web,Missing,0,,,,,,,,,,,,,,,Missing,,452
13120,B,2015,Service Industry,"Art , Events , Ticketing;",Business Application,"Document management;Financial transaction process/accounting;Online analysis and reporting;Stock control & order processing;Workflow support & management;Customer billing;Reservation system (eg. Airline, hotel);",Re-development,PC,3GL,Java,46.0,S,20,0.4,0.6,43.5,23.0,11.5,2.0,2,2.0,,Missing,,7,Stand alone,Missing,Missing,Missing,,Web,Yes,0,,,,,,,,,,,,,,,Missing,,28
26195,A,2009,Service Industry,Community Services;Institutions eg. Kindergartens;,Business Application,Online analysis and reporting;,Enhancement,Multi,4GL,ABAP,211.0,M1,4393,20.8,20.8,,26.4,,8.0,Missing,,No,Agile Development;,,16,Stand alone,No,Missing,Missing,,Missing,Yes,2,,,8.0,,,,,8.0,,,8.0,0.0,0.0,,Missing,,4393
13384,B,2012,Banking,Government;Education Institution;Wholesale & Retail Trade;Transport & Storage;Communications;Medical and Health Care;Banking;,Business Application,Surveillance and security;,Enhancement,PC,3GL,C#,30.0,S,51,1.7,1.7,,2.5,2.5,12.0,1,1.0,,Agile Development;,,6,Stand alone,Missing,Missing,Missing,,Missing,Yes,2,,,,,,,,,,,,,,,Missing,,51
10279,B,2013,Banking,Government;Education Institution;Wholesale & Retail Trade;Transport & Storage;Communications;Medical and Health Care;Banking;,Business Application,Surveillance and security;,Enhancement,PC,3GL,C#,26.0,XS,52,2.0,2.0,,2.2,2.2,12.0,1,1.0,,Agile Development;,,6,Stand alone,Missing,Missing,Missing,,Missing,Yes,2,,,,,,,,,,,,,,,Missing,,52
11509,B,2012,Communication,Telecommunications;,Real-Time Application,Online analysis and reporting;Embedded software - simple device control;Telecom & network management;,Enhancement,Multi,3GL,C++,204.0,M1,7805,38.3,38.3,0.0,29.1,3.6,7.0,5-8,8.0,,Missing,,6,Multi-tier,Missing,Missing,Missing,,Missing,Yes,2,,,,,,,,,,,,,,,Missing,,7805
20465,B,2014,Government,Government;,Business Application,Business Application;,Enhancement,Missing,4GL,Oracle,95.0,S,632,6.7,6.7,0.0,237.5,,0.4,Missing,,,Agile Development;,,3,Missing,Missing,Missing,Missing,,Missing,Missing,0,,,,,,,,,,,,,,57035.0,"European, euro",No,632
11278,A,2010,Service Industry,Community Services;,Business Application,Workflow support & management;Complex process control;,Enhancement,Multi,3GL,JavaScript,89.0,S,4036,45.3,45.3,56.2,17.8,2.0,5.0,9-14,9.0,No,Agile Development;,,16,Client server,Yes,Data entry & validation;Data retrieval & presentation;Web/HTML browser;,HTML/web server;Security/authentication;,,Missing,Yes,2,,3.0,1.0,5.0,,,,0.0,5.0,4.0,3.0,0.0,3.0,,Missing,,4036
19363,B,2013,Banking,Government;Education Institution;Wholesale & Retail Trade;Transport & Storage;Communications;Medical and Health Care;Banking;,Business Application,Surveillance and security;,Enhancement,PC,3GL,C#,15.0,XS,53,3.5,3.5,,1.3,1.3,12.0,1,1.0,,Agile Development;,,6,Stand alone,Missing,Missing,Missing,,Missing,Yes,2,,,,,,,,,,,,,,,Missing,,53
13695,B,2013,Banking,Government;Education Institution;Wholesale & Retail Trade;Transport & Storage;Communications;Medical and Health Care;Banking;,Business Application,Surveillance and security;,Enhancement,PC,3GL,C#,2.0,XXS,6,3.0,3.0,,0.2,0.2,12.0,1,1.0,,Agile Development;,,6,Stand alone,Missing,Missing,Missing,,Missing,Yes,2,,,,,,,,,,,,,,,Missing,,6
31166,A,2011,Government,Government;,Infrastructure Software,Data or database management;,New Development,PC,4GL,Oracle,422.0,M2,1020,2.4,2.6,,140.7,70.3,3.0,2,2.0,Yes,Agile Development;,,18,Multi-tier with web public interface,Yes,Web/HTML browser;,Database server;HTML/web server;,,Web,Yes,1,,,,2.0,,,,,,2.0,45.0,0.0,1.0,765000.0,"European, euro","Yes 10,000",1105
18119,A,2010,Government,Government;,Missing,IdM;,Enhancement,Multi,3GL,C#,109.0,M1,2715,24.9,24.9,9.2,12.1,2.4,9.0,5-8,5.0,No,Agile Development;,,18,Multi-tier with web public interface,Yes,Web public interface;,HTML/web server;Multi-user legacy application;,,Web,Yes,3,,0.0,4.0,1.0,,,,0.0,4.0,1.0,5.0,0.0,0.0,,Missing,,2715
16563,B,2013,Banking,Government;Education Institution;Wholesale & Retail Trade;Transport & Storage;Communications;Medical and Health Care;Banking;,Business Application,Surveillance and security;,Enhancement,PC,3GL,C#,9.0,XXS,23,2.6,2.6,,0.8,0.8,12.0,1,1.0,,Agile Development;,,6,Stand alone,Missing,Missing,Missing,,Missing,Yes,2,,,,,,,,,,,,,,,Missing,,23
17275,B,2010,Service Industry,Transport & Storage;,Business Application,Security Controls;,New Development,Proprietary,5GL,Proprietary Agile Platform,168.0,M1,312,1.9,1.9,,56.0,,3.0,Missing,,,Agile Development;,,5,Multi-tier with web public interface,Missing,Missing,Missing,,Web,Missing,0,,,,,,,,,,,,,,,Missing,,312
25247,B,2013,Banking,Government;Education Institution;Wholesale & Retail Trade;Transport & Storage;Communications;Medical and Health Care;Banking;,Business Application,Surveillance and security;,Enhancement,PC,3GL,C#,13.0,XS,47,3.6,3.6,,1.1,1.1,12.0,1,1.0,,Agile Development;,,6,Stand alone,Missing,Missing,Missing,,Missing,Yes,2,,,,,,,,,,,,,,,Missing,,47
14928,B,2014,Government,Government;,Business Application,Business Application;,Enhancement,Missing,4GL,Oracle,88.0,S,551,6.3,6.3,0.0,220.0,,0.4,Missing,,,Agile Development;,,3,Missing,Missing,Missing,Missing,,Missing,Missing,0,,,,,,,,,,,,,,49753.0,"European, euro",No,551
18118,A,2008,Financial,"Financial, Property & Business Services;",Business Application,Customer billing/relationship management;,Re-development,PC,3GL,C#,912.0,M2,4110,4.5,4.5,42.8,60.8,6.1,15.0,9-14,10.0,Yes,Agile Development;,Yes,16,Client server,Yes,Run a computer-human interface;Business logic or rule processing;Database server;,Database server;File &/or print server;HTML/web server;Mail server;Security/authentication;,,Missing,Yes,5,,0.0,5.0,5.0,,,,0.0,6.0,4.0,200.0,0.0,1.0,,"Canada, dollar",No,4110
19161,B,2005,Electronics & Computers,Information Technology;,Missing,Web-based Application;,New Development,Missing,3GL,Java,,Missing,36593,,,,,,14.8,41-50,41.0,,Agile Development;Iterative;,,1,Missing,Missing,Missing,Missing,,Web,Yes,0,,,,,,,,,,,,,,,Missing,,60047
24701,B,2014,Government,Government;,Business Application,Business Application;,Enhancement,Missing,4GL,Oracle,33.0,S,667,20.2,20.2,0.0,82.5,,0.4,Missing,,,Agile Development;,,3,Missing,Missing,Missing,Missing,,Missing,Missing,0,,,,,,,,,,,,,,60115.0,"European, euro",No,667
16712,B,2015,Service Industry,"Art , Events , Ticketing;",Business Application,"Document management;Financial transaction process/accounting;Online analysis and reporting;Stock control & order processing;Workflow support & management;Customer billing;Reservation system (eg. Airline, hotel);",New Development,PC,3GL,Java,97.0,S,20,0.2,0.9,51.5,32.3,16.2,3.0,2,2.0,,Missing,,7,Stand alone,Missing,Missing,Missing,,Web,Yes,0,,,,,,,,,,,,,,,Missing,,89
26422,A,2009,Education,"Education Institution;Electricity, Gas, Water;University;",Business Application,Course management system;Dynamic website;,New Development,PC,3GL,Java,223.0,M1,509,2.3,2.3,,74.3,14.9,3.0,5-8,5.0,,Personal Software Process (PSP);Unified Process;,,18,Multi-tier with web public interface,Yes,Web/HTML browser;,Database server;HTML/web server;Security/authentication;,,Web,Yes,4,,,,,,,,,5.0,,,0.0,0.0,10180.0,"Canada, dollar",,509
18271,A,2009,Education,"Education Institution;Electricity, Gas, Water;University;",Business Application,Course management system;Dynamic website;,New Development,PC,3GL,Java,177.0,M1,694,3.9,3.9,,59.0,11.8,3.0,5-8,5.0,,Personal Software Process (PSP);Unified Process;,,18,Multi-tier with web public interface,Yes,Web/HTML browser;,Database server;HTML/web server;Security/authentication;,,Web,Yes,4,,,,,,,,5.0,,,,0.0,0.0,13880.0,"Canada, dollar",,694
19859,B,2012,Service Industry,Surveillance & Security;,Business Application,Electronic Data Interchange;,Enhancement,PC,3GL,C#,82.0,S,225,2.7,2.7,,,,,2,2.0,,Agile Development;,,11,Client server,Yes,Run a computer-human interface;Business logic or rule processing;Data entry & validation;Data retrieval & presentation;,Database server;,,Missing,Yes,4,,,2.0,,,,,,2.0,,3.0,0.0,0.0,,Missing,,225
11801,A,2009,Government,Government;,Missing,IdM;,Enhancement,Multi,3GL,C#,63.0,S,2742,43.5,43.5,47.6,6.3,0.8,10.0,5-8,8.0,,Agile Development;,,18,Multi-tier with web public interface,Yes,Web public interface;,Multi-user legacy application;,,Web,Yes,3,,8.0,0.0,0.0,,,,2.0,2.0,4.0,1.0,1.0,0.0,,Missing,,2742
23265,A,2009,Education,"Education Institution;Electricity, Gas, Water;IEEE;",Business Application,Content management system;Dynamic website;,New Development,PC,3GL,Java,155.0,M1,491,3.2,3.2,,51.7,10.3,3.0,5-8,5.0,,Agile Development;Personal Software Process (PSP);Unified Process;,,18,Multi-tier with web public interface,Yes,Web/HTML browser;,Security/authentication;,,Web,Yes,4,,,,,,,,5.0,,,,0.0,0.0,14723.0,"Canada, dollar",,491
26585,B,2010,Electronics & Computers,High Tech;,Missing,Proposal Builder;,New Development,Proprietary,5GL,Proprietary Agile Platform,243.0,M1,289,1.2,1.2,,121.5,,2.0,Missing,,,Agile Development;,,5,Multi-tier with web public interface,Missing,Missing,Missing,,Web,Missing,0,,,,,,,,,,,,,,,Missing,,289
31166,A,2011,Government,Government;,Infrastructure Software,Data or database management;,New Development,PC,4GL,Oracle,492.0,M2,1020,2.1,2.2,,164.0,82.0,3.0,2,2.0,Yes,Agile Development;,,17,Multi-tier with web public interface,Yes,Web/HTML browser;,Database server;HTML/web server;,,Web,Yes,1,,,,2.0,,,,,,2.0,45.0,0.0,1.0,765000.0,"European, euro","Yes 10,000",1105
32010,D,2013,Manufacturing,"Government;Real Estate & Property;Education Institution;Manufacturing;Construction;Wholesale & Retail Trade;Transport & Storage;Communications;Medical and Health Care;Community Services;Defence;Financial, Property & Business Services;Banking;Professional",Business Application,"Catalogue/register of things or events;Customer billing;Financial transaction process/accounting;Job, case, incident, project management;Management or performance reporting;Online analysis and reporting;Workflow support & management;Mathematical modelling",New Development,PC,3GL,C#,5393.0,XL,400,0.1,0.1,1.9,2157.2,2157.2,2.5,1,1.0,Yes,Agile Development;Extreme Programming (XP);Iterative;Rapid Application Development (RAD);Scrum;Timeboxing;Unified Process;IMES OOM;,Yes,20,Stand alone,No,Missing,Missing,,Web,Yes,7,,0.0,0.0,1.0,,,,0.0,0.0,1.0,3.0,0.0,0.0,277000.0,"United States, dollar",No,460
19256,A,2009,Education,"Education Institution;Electricity, Gas, Water;University;",Business Application,Course management system;Dynamic website;,New Development,PC,3GL,Java,80.0,S,355,4.4,4.4,,26.7,6.7,3.0,3-4,4.0,,Personal Software Process (PSP);Unified Process;,,18,Multi-tier with web public interface,Yes,Web/HTML browser;,Database server;HTML/web server;Security/authentication;,,Web,Yes,4,,,,,,,,4.0,,,,0.0,0.0,8875.0,"Canada, dollar",,355
10572,B,2014,Government,Government;,Business Application,Business Application;,Enhancement,Missing,4GL,Oracle,85.0,S,774,9.1,9.1,0.0,212.5,,0.4,Missing,,,Agile Development;,,3,Missing,Missing,Missing,Missing,,Missing,Missing,0,,,,,,,,,,,,,,69850.0,"European, euro",No,774
27500,B,2014,Government,Government;,Business Application,Business Application;,Enhancement,Missing,4GL,.Net,25.0,XS,1206,48.2,48.2,0.0,15.6,,1.6,Missing,,,Agile Development;,,3,Missing,Missing,Missing,Missing,,Missing,Missing,0,,,,,,,,,,,,,,120600.0,"European, euro",No,1206
25415,B,2010,Service Industry,Transport & Storage;,Business Application,Airport Management;,New Development,Proprietary,5GL,Proprietary Agile Platform,679.0,M2,326,0.5,0.5,,169.8,,4.0,Missing,,,Agile Development;,,5,Multi-tier with web public interface,Missing,Missing,Missing,,Web,Missing,0,,,,,,,,,,,,,,,Missing,,326
23319,A,2011,Manufacturing,Aerospace / Automotive;,Real-Time Application,Automated Data Acquisition;,New Development,PC,3GL,C#,113.0,M1,1047,9.3,9.3,0.0,14.1,3.5,8.0,3-4,4.0,Yes,Agile Development;,,17,Client server,Yes,Data entry & validation;Data retrieval & presentation;Device/equipment interface;,data acquisation;,,Missing,Missing,5,,2.0,0.0,0.0,,,,1.0,0.0,1.0,25.0,0.0,0.0,,Missing,,1047
27970,B,2013,Banking,Government;Education Institution;Wholesale & Retail Trade;Transport & Storage;Communications;Medical and Health Care;Banking;,Business Application,Surveillance and security;,Enhancement,PC,3GL,C#,3.0,XXS,9,3.0,3.0,,0.3,0.3,12.0,1,1.0,,Agile Development;,,6,Stand alone,Missing,Missing,Missing,,Missing,Yes,2,,,,,,,,,,,,,,,Missing,,9
18328,B,2012,Banking,Government;Education Institution;Wholesale & Retail Trade;Transport & Storage;Communications;Medical and Health Care;Banking;,Business Application,Surveillance and security;,Enhancement,PC,3GL,C#,19.0,XS,51,2.7,2.7,,1.6,1.6,12.0,1,1.0,,Agile Development;,,6,Stand alone,Missing,Missing,Missing,,Missing,Yes,2,,,,,,,,,,,,,,,Missing,,51
15723,B,2012,Banking,Government;Education Institution;Wholesale & Retail Trade;Transport & Storage;Communications;Medical and Health Care;Banking;,Business Application,Surveillance and security;,Enhancement,PC,3GL,C#,12.0,XS,34,2.8,2.8,,1.0,1.0,12.0,1,1.0,,Agile Development;,,6,Stand alone,Missing,Missing,Missing,,Missing,Yes,2,,,,,,,,,,,,,,,Missing,,34
22069,B,2012,Banking,Government;Education Institution;Wholesale & Retail Trade;Transport & Storage;Communications;Medical and Health Care;Banking;,Business Application,Surveillance and security;,Enhancement,PC,3GL,C#,37.0,S,125,3.4,3.4,,3.1,1.5,12.0,2,2.0,,Agile Development;,,6,Stand alone,Missing,Missing,Missing,,Missing,Yes,2,,,,,,,,,,,,,,,Missing,,125
17548,B,2010,Medical & Health Care,Medical and Health Care;,Business Application,Clinical Archive;,New Development,Proprietary,5GL,Proprietary Agile Platform,116.0,M1,112,1.0,1.0,,58.0,,2.0,Missing,,,Agile Development;,,5,Multi-tier with web public interface,Missing,Missing,Missing,,Web,Missing,0,,,,,,,,,,,,,,,Missing,,112
29471,A,2009,Education,"Education Institution;Electricity, Gas, Water;IEEE;",Business Application,Content management system;Dynamic website;,New Development,PC,3GL,Java,142.0,M1,669,4.7,4.7,,47.3,9.5,3.0,5-8,5.0,,Agile Development;Personal Software Process (PSP);Unified Process;,,18,Multi-tier with web public interface,Yes,Web/HTML browser;,Security/authentication;,,Web,Yes,4,,,,,,,,5.0,,,,0.0,0.0,7644.0,"Canada, dollar",,669
22347,A,2010,Service Industry,Community Services;,Business Application,Workflow support & management;Complex process control;,New Development,Multi,3GL,JavaScript,399.0,M2,7037,17.6,17.6,22.6,49.9,4.5,8.0,9-14,11.0,No,Agile Development;,,16,Client server,Yes,Data entry & validation;Data retrieval & presentation;Web/HTML browser;,HTML/web server;Security/authentication;,,Missing,Yes,2,,0.0,3.0,8.0,,,,1.0,6.0,4.0,12.0,0.0,0.0,,Missing,,7037
25559,B,2012,Service Industry,Surveillance & Security;,Business Application,Electronic Data Interchange;,Enhancement,PC,3GL,C#,45.0,S,125,2.8,2.8,,,,,2,2.0,,Agile Development;,,11,Client server,Yes,Run a computer-human interface;Business logic or rule processing;Data entry & validation;Data retrieval & presentation;,Database server;,,Missing,Yes,4,,1.0,1.0,,,,,,2.0,,3.0,0.0,0.0,,Missing,,125
14345,A,2009,Education,"Education Institution;Electricity, Gas, Water;IEEE;",Business Application,Content management system;Dynamic website;,New Development,PC,3GL,Java,114.0,M1,429,3.8,3.8,,38.0,9.5,3.0,3-4,4.0,,Agile Development;Personal Software Process (PSP);Unified Process;,,18,Multi-tier with web public interface,Yes,Web/HTML browser;,Security/authentication;,,Web,Yes,4,,,,,,,,4.0,,,,0.0,0.0,17160.0,"Canada, dollar",,429
27333,B,2013,Banking,Government;Education Institution;Wholesale & Retail Trade;Transport & Storage;Communications;Medical and Health Care;Banking;,Business Application,Surveillance and security;,Enhancement,PC,3GL,C#,18.0,XS,47,2.6,2.6,,1.5,1.5,12.0,1,1.0,,Agile Development;,,6,Stand alone,Missing,Missing,Missing,,Missing,Yes,2,,,,,,,,,,,,,,,Missing,,47
28504,A,2009,Education,"Education Institution;Electricity, Gas, Water;University;",Business Application,Course management system;Dynamic website;,New Development,PC,3GL,Java,157.0,M1,899,5.7,5.7,,52.3,13.1,3.0,3-4,4.0,,Personal Software Process (PSP);Unified Process;,,18,Multi-tier with web public interface,Yes,Web/HTML browser;,Database server;HTML/web server;Security/authentication;,,Web,Yes,4,,,,,,,,,4.0,,,0.0,0.0,31465.0,"Canada, dollar",,899
15148,B,2014,Government,Government;,Business Application,Business Application;,Enhancement,Missing,4GL,Oracle,72.0,S,615,8.5,8.5,0.0,180.0,,0.4,Missing,,,Agile Development;,,3,Missing,Missing,Missing,Missing,,Missing,Missing,0,,,,,,,,,,,,,,55440.0,"European, euro",No,615
11497,B,2012,Banking,Government;Education Institution;Wholesale & Retail Trade;Transport & Storage;Communications;Medical and Health Care;Banking;,Business Application,Surveillance and security;,Enhancement,PC,3GL,C#,31.0,S,88,2.8,2.8,,2.6,2.6,12.0,1,1.0,,Agile Development;,,6,Stand alone,Missing,Missing,Missing,,Missing,Yes,2,,,,,,,,,,,,,,,Missing,,88
31103,B,2012,Banking,Government;Education Institution;Wholesale & Retail Trade;Transport & Storage;Communications;Medical and Health Care;Banking;,Business Application,Surveillance and security;,Enhancement,PC,3GL,C#,11.0,XS,43,3.9,3.9,,0.9,0.9,12.0,1,1.0,,Agile Development;,,6,Stand alone,Missing,Missing,Missing,,Missing,Yes,2,,,,,,,,,,,,,,,Missing,,43
26608,B,2014,Government,Government;,Business Application,Business Application;,Enhancement,Missing,4GL,.Net,16.0,XS,860,53.8,53.8,0.0,22.9,,0.7,Missing,,,Agile Development;,,3,Missing,Missing,Missing,Missing,,Missing,Missing,0,,,,,,,,,,,,,,70600.0,"European, euro",No,860
29221,B,2012,Banking,Government;Education Institution;Wholesale & Retail Trade;Transport & Storage;Communications;Medical and Health Care;Banking;,Business Application,Surveillance and security;,Enhancement,PC,3GL,C#,21.0,XS,74,3.5,3.5,,1.8,1.8,12.0,1,1.0,,Agile Development;,,6,Stand alone,Missing,Missing,Missing,,Missing,Yes,2,,,,,,,,,,,,,,,Missing,,74
30466,B,2014,Government,Government;,Business Application,Business Application;,Enhancement,Missing,4GL,.Net,4.0,XXS,684,171.0,171.0,0.0,5.7,,0.7,Missing,,,Agile Development;,,3,Missing,Missing,Missing,Missing,,Missing,Missing,0,,,,,,,,,,,,,,68200.0,"European, euro",No,684
18820,B,2014,Government,Government;,Business Application,Business Application;,Enhancement,Missing,4GL,Oracle,49.0,S,601,12.3,12.3,0.0,122.5,,0.4,Missing,,,Agile Development;,,3,Missing,Missing,Missing,Missing,,Missing,Missing,0,,,,,,,,,,,,,,54230.0,"European, euro",No,601
17293,B,2013,Banking,Government;Education Institution;Wholesale & Retail Trade;Transport & Storage;Communications;Medical and Health Care;Banking;,Business Application,Surveillance and security;,Enhancement,PC,3GL,C#,59.0,S,82,1.4,1.4,,4.9,4.9,12.0,1,1.0,,Agile Development;,,6,Stand alone,Missing,Missing,Missing,,Missing,Yes,2,,,,,,,,,,,,,,,Missing,,82
30658,A,2009,Education,"Education Institution;Electricity, Gas, Water;IEEE;",Business Application,Content management system;Dynamic website;,New Development,PC,3GL,Java,160.0,M1,784,4.9,4.9,,53.3,10.7,3.0,5-8,5.0,,Agile Development;Personal Software Process (PSP);Unified Process;,,18,Multi-tier with web public interface,Yes,Web/HTML browser;,Security/authentication;,,Web,Yes,4,,,,,,,,5.0,,,,0.0,0.0,15680.0,"Canada, dollar",,784
12664,B,2014,Government,Government;,Business Application,Business Application;,Enhancement,Missing,4GL,Oracle,138.0,M1,682,4.9,4.9,0.0,345.0,,0.4,Missing,,,Agile Development;,,3,Missing,Missing,Missing,Missing,,Missing,Missing,0,,,,,,,,,,,,,,61435.0,"European, euro",No,682
21837,B,2014,Government,Government;,Business Application,Business Application;,Enhancement,Missing,4GL,.Net,51.0,S,1102,21.6,21.6,0.0,72.9,,0.7,Missing,,,Agile Development;,,3,Missing,Missing,Missing,Missing,,Missing,Missing,0,,,,,,,,,,,,,,90300.0,"European, euro",No,1102
13026,B,2013,Banking,Government;Education Institution;Wholesale & Retail Trade;Transport & Storage;Communications;Medical and Health Care;Banking;,Business Application,Surveillance and security;,Enhancement,PC,3GL,C#,5.0,XXS,27,5.4,5.4,,0.4,0.4,12.0,1,1.0,,Agile Development;,,6,Stand alone,Missing,Missing,Missing,,Missing,Yes,2,,,,,,,,,,,,,,,Missing,,27
23839,C,2008,Education,Education Institution;,Business Application,Management Information System;,New Development,PC,3GL,C#,1107.0,L,52743,47.6,47.6,,221.4,4.8,5.0,41-50,46.0,Yes,Agile Development;Multifunctional Teams;Scrum;,,15,Client server,Yes,Web public interface;,Database server;HTML/web server;,,Web,Yes,6,,1.0,0.0,0.0,,,,22.0,24.0,0.0,5.0,0.0,2.0,,Missing,,52743
25480,A,2009,Education,"Education Institution;Electricity, Gas, Water;University;",Business Application,Course management system;Dynamic website;,New Development,PC,3GL,Java,209.0,M1,606,2.9,2.9,,69.7,13.9,3.0,5-8,5.0,,Personal Software Process (PSP);Unified Process;,,18,Multi-tier with web public interface,Yes,Web/HTML browser;,Database server;HTML/web server;Security/authentication;,,Web,Yes,4,,,,,,,,5.0,,,,0.0,0.0,30300.0,"Canada, dollar",,606
27281,B,2010,Medical & Health Care,Biotech;,Missing,Analysis Management;,New Development,Proprietary,5GL,Proprietary Agile Platform,144.0,M1,117,0.8,0.8,,48.0,,3.0,Missing,,,Agile Development;,,5,Multi-tier with web public interface,Missing,Missing,Missing,,Web,Missing,0,,,,,,,,,,,,,,,Missing,,117
15558,B,2014,Government,Government;,Business Application,Business Application;,Enhancement,Missing,4GL,.Net,45.0,S,1271,28.2,28.2,0.0,32.1,,1.4,Missing,,,Agile Development;,,3,Missing,Missing,Missing,Missing,,Missing,Missing,0,,,,,,,,,,,,,,104200.0,"European, euro",No,1271
14535,B,2009,Education,Education Institution;,Business Application,Catalogue/register of things or events;Logistic or supply planning & control;,Re-development,PC,3GL,C#,483.0,M2,331,0.7,0.7,,120.8,24.2,4.0,5-8,5.0,No,Agile Development;,,14,Stand alone,No,Missing,Missing,,Missing,Yes,2,,6.0,0.0,1.0,,,,1.0,3.0,3.0,,1.0,1.0,,Missing,,331
23552,B,2010,Wholesale & Retail,Consumer Goods;,Business Application,Promotions;,New Development,Proprietary,5GL,Proprietary Agile Platform,243.0,M1,257,1.1,1.1,,121.5,,2.0,Missing,,,Agile Development;,,5,Multi-tier with web public interface,Missing,Missing,Missing,,Web,Missing,0,,,,,,,,,,,,,,,Missing,,257
31969,B,2013,Banking,Government;Education Institution;Wholesale & Retail Trade;Transport & Storage;Communications;Medical and Health Care;Banking;,Business Application,Surveillance and security;,Enhancement,PC,3GL,C#,15.0,XS,47,3.1,3.1,,1.3,1.3,12.0,1,1.0,,Agile Development;,,6,Stand alone,Missing,Missing,Missing,,Missing,Yes,2,,,,,,,,,,,,,,,Missing,,47
17137,B,2014,Government,Government;,Business Application,Business Application;,Enhancement,Missing,4GL,.Net,51.0,S,1222,24.0,24.0,0.0,72.9,,0.7,Missing,,,Agile Development;,,3,Missing,Missing,Missing,Missing,,Missing,Missing,0,,,,,,,,,,,,,,100200.0,"European, euro",No,1222
28393,B,2013,Banking,Government;Education Institution;Wholesale & Retail Trade;Transport & Storage;Communications;Medical and Health Care;Banking;,Business Application,Surveillance and security;,Enhancement,PC,3GL,C#,18.0,XS,38,2.1,2.1,,1.5,1.5,12.0,1,1.0,,Agile Development;,,6,Stand alone,Missing,Missing,Missing,,Missing,Yes,2,,,,,,,,,,,,,,,Missing,,38
30621,B,2013,Banking,Government;Education Institution;Wholesale & Retail Trade;Transport & Storage;Communications;Medical and Health Care;Banking;,Business Application,Surveillance and security;,Enhancement,PC,3GL,C#,13.0,XS,47,3.6,3.6,,1.1,1.1,12.0,1,1.0,,Agile Development;,,6,Stand alone,Missing,Missing,Missing,,Missing,Yes,2,,,,,,,,,,,,,,,Missing,,47
26034,B,2010,Government,Public Sector;,Business Application,Project Management;,New Development,Proprietary,5GL,Proprietary Agile Platform,143.0,M1,98,0.7,0.7,,28.6,,5.0,Missing,,,Agile Development;,,5,Multi-tier with web public interface,Missing,Missing,Missing,,Web,Missing,0,,,,,,,,,,,,,,,Missing,,98
10317,B,2015,Government,Government;,Business Application,Business Application;,Enhancement,Missing,4GL,.Net,8.0,XXS,816,102.0,102.0,0.0,7.3,,1.1,Missing,,,Agile Development;,,3,Missing,Missing,Missing,Missing,,Missing,Missing,0,,,,,,,,,,,,,,81500.0,"European, euro",No,816
30029,B,2012,Banking,Government;Education Institution;Wholesale & Retail Trade;Transport & Storage;Communications;Medical and Health Care;Banking;,Business Application,Surveillance and security;,Enhancement,PC,3GL,C#,72.0,S,225,3.1,3.1,,6.0,3.0,12.0,2,2.0,,Agile Development;,,6,Stand alone,Missing,Missing,Missing,,Missing,Yes,2,,,,,,,,,,,,,,,Missing,,225
